{
    "arguments": {
        "time": {
            "default": 0.0, 
            "label": "time", 
            "type": "range", 
            "values": [
                0.0, 
                1.0, 
                2.0, 
                3.0, 
                4.0, 
                5.0, 
                6.0, 
                7.0, 
                8.0, 
                9.0, 
                10.0, 
                11.0, 
                12.0, 
                13.0, 
                14.0, 
                15.0, 
                16.0, 
                17.0
            ]
        }
    }, 
    "associations": {}, 
    "metadata": {
        "camera_angle": [
            30.0, 
            30.0, 
            30.0, 
            30.0, 
            30.0, 
            30.0, 
            30.0, 
            30.0, 
            30.0, 
            30.0, 
            30.0, 
            30.0, 
            30.0, 
            30.0, 
            30.0, 
            30.0, 
            30.0, 
            30.0
        ], 
        "camera_at": [
            [
                7.2130520463911765, 
                7.8125, 
                7.8125
            ], 
            [
                7.2130520463911765, 
                7.8125, 
                7.8125
            ], 
            [
                7.2130520463911765, 
                7.8125, 
                7.8125
            ], 
            [
                7.2130520463911765, 
                7.8125, 
                7.8125
            ], 
            [
                7.2130520463911765, 
                7.8125, 
                7.8125
            ], 
            [
                7.2130520463911765, 
                7.8125, 
                7.8125
            ], 
            [
                7.2130520463911765, 
                7.8125, 
                7.8125
            ], 
            [
                7.2130520463911765, 
                7.8125, 
                7.8125
            ], 
            [
                7.2130520463911765, 
                7.8125, 
                7.8125
            ], 
            [
                7.2130520463911765, 
                7.8125, 
                7.8125
            ], 
            [
                7.2130520463911765, 
                7.8125, 
                7.8125
            ], 
            [
                7.2130520463911765, 
                7.8125, 
                7.8125
            ], 
            [
                7.2130520463911765, 
                7.8125, 
                7.8125
            ], 
            [
                7.2130520463911765, 
                7.8125, 
                7.8125
            ], 
            [
                7.2130520463911765, 
                7.8125, 
                7.8125
            ], 
            [
                7.2130520463911765, 
                7.8125, 
                7.8125
            ], 
            [
                7.2130520463911765, 
                7.8125, 
                7.8125
            ], 
            [
                7.2130520463911765, 
                7.8125, 
                7.8125
            ]
        ], 
        "camera_eye": [
            [
                -17.50957743871688, 
                7.8125, 
                7.8125
            ], 
            [
                -17.50957743871688, 
                7.8125, 
                7.8125
            ], 
            [
                -17.50957743871688, 
                7.8125, 
                7.8125
            ], 
            [
                -17.50957743871688, 
                7.8125, 
                7.8125
            ], 
            [
                -17.50957743871688, 
                7.8125, 
                7.8125
            ], 
            [
                -17.50957743871688, 
                7.8125, 
                7.8125
            ], 
            [
                -17.50957743871688, 
                7.8125, 
                7.8125
            ], 
            [
                -17.50957743871688, 
                7.8125, 
                7.8125
            ], 
            [
                -17.50957743871688, 
                7.8125, 
                7.8125
            ], 
            [
                -17.50957743871688, 
                7.8125, 
                7.8125
            ], 
            [
                -17.50957743871688, 
                7.8125, 
                7.8125
            ], 
            [
                -17.50957743871688, 
                7.8125, 
                7.8125
            ], 
            [
                -17.50957743871688, 
                7.8125, 
                7.8125
            ], 
            [
                -17.50957743871688, 
                7.8125, 
                7.8125
            ], 
            [
                -17.50957743871688, 
                7.8125, 
                7.8125
            ], 
            [
                -17.50957743871688, 
                7.8125, 
                7.8125
            ], 
            [
                -17.50957743871688, 
                7.8125, 
                7.8125
            ], 
            [
                -17.50957743871688, 
                7.8125, 
                7.8125
            ]
        ], 
        "camera_model": "static", 
        "camera_nearfar": [
            [
                27.640975243035825, 
                31.932941494941446
            ], 
            [
                27.640975243035825, 
                31.932941494941446
            ], 
            [
                27.640975243035825, 
                31.932941494941446
            ], 
            [
                27.640975243035825, 
                31.932941494941446
            ], 
            [
                27.640975243035825, 
                31.932941494941446
            ], 
            [
                27.640975243035825, 
                31.932941494941446
            ], 
            [
                27.640975243035825, 
                31.932941494941446
            ], 
            [
                27.640975243035825, 
                31.932941494941446
            ], 
            [
                27.640975243035825, 
                31.932941494941446
            ], 
            [
                27.640975243035825, 
                31.932941494941446
            ], 
            [
                27.640975243035825, 
                31.932941494941446
            ], 
            [
                27.640975243035825, 
                31.932941494941446
            ], 
            [
                27.640975243035825, 
                31.932941494941446
            ], 
            [
                27.640975243035825, 
                31.932941494941446
            ], 
            [
                27.640975243035825, 
                31.932941494941446
            ], 
            [
                27.640975243035825, 
                31.932941494941446
            ], 
            [
                27.640975243035825, 
                31.932941494941446
            ], 
            [
                27.640975243035825, 
                31.932941494941446
            ]
        ],