time,FILE
0.000000e+00,0.000000e+00.png
1.000000e+00,1.000000e+00.png
2.000000e+00,2.000000e+00.png
3.000000e+00,3.000000e+00.png
4.000000e+00,4.000000e+00.png
5.000000e+00,5.000000e+00.png
6.000000e+00,6.000000e+00.png
7.000000e+00,7.000000e+00.png
8.000000e+00,8.000000e+00.png
9.000000e+00,9.000000e+00.png
1.000000e+01,1.000000e+01.png
